{
  "handcrafted_lgbm": {
    "accuracy": 0.8327586206896552,
    "auroc": 0.9070771860051914,
    "f1": 0.7814330779630464,
    "mcc": 0.6460742570333675,
    "threshold": 0.5
  },
  "esm_lr": {
    "accuracy": 0.7348275862068966,
    "auroc": 0.8017320148785286,
    "f1": 0.6753904601097509,
    "mcc": 0.4543949742113872,
    "threshold": 0.5
  },
  "esm_dnn": {
    "accuracy": 0.7813793103448275,
    "auroc": 0.8546904847564325,
    "f1": 0.7304421768707483,
    "mcc": 0.5491152442094848,
    "threshold": 0.5
  },
  "stacking": {
    "accuracy": 0.8372413793103448,
    "auroc": 0.9063267867205168,
    "f1": 0.7942458587619878,
    "mcc": 0.6602903980789258,
    "threshold": 0.4049999999999999
  },
  "best_threshold": {
    "metric": "mcc",
    "threshold": 0.4049999999999999,
    "score": 0.6602903980789258
  }
}